run,problem,n,method,workers,elapsed_s,best_score,gap_to_record,time_to_best_s,local_solves
abl_min_distance_n40_basin_hopping,min_distance,40,basin_hopping,12,125,0.188175522,+3.151e-13,34,6645
abl_min_distance_n40_cmaes,min_distance,40,cmaes,12,122,0.188068435,-1.071e-04,44,1872
abl_min_distance_n40_evo,min_distance,40,evo,12,120,0.188175522,+3.151e-13,52,4665
abl_min_distance_n40_multistart,min_distance,40,multistart,12,125,0.188175522,+3.148e-13,49,3120
abl_min_distance_n50_basin_hopping,min_distance,50,basin_hopping,12,126,0.166377924,-1.487e-04,28,2718
abl_min_distance_n50_cmaes,min_distance,50,cmaes,12,122,0.166377923,-1.487e-04,51,1008
abl_min_distance_n50_evo,min_distance,50,evo,12,141,0.166454626,-7.195e-05,112,1840
abl_min_distance_n50_multistart,min_distance,50,multistart,12,136,0.166526577,-4.497e-13,67,1440
baseline_min_distance_n10_multistart,min_distance,10,multistart,12,25,0.421279544,-9.670e-14,1,21984
baseline_min_distance_n15_multistart,min_distance,15,multistart,12,25,0.341081377,+1.087e-13,2,9408
baseline_min_distance_n20_multistart,min_distance,20,multistart,12,25,0.286611652,-3.186e-13,2,4896
baseline_min_distance_n25_multistart,min_distance,25,multistart,12,26,0.250000000,-2.220e-16,2,2592
baseline_min_distance_n30_multistart,min_distance,30,multistart,12,26,0.224502965,+8.804e-14,3,1536
baseline_sum_radii_n26_multistart,sum_radii,26,multistart,12,243,2.631936898,-4.046e-03,52,2448
gpuL_sum_radii_n100,sum_radii,100,gpu-large,,459,5.257712463,-6.032e-03,269,
gpuL_sum_radii_n110,sum_radii,110,gpu-large,,473,5.524610085,-7.309e-03,70,
gpuL_sum_radii_n116,sum_radii,116,gpu-large,,504,5.669461078,-7.112e-03,380,
gpuL_sum_radii_n120,sum_radii,120,gpu-large,,482,5.774311158,-2.689e-03,268,
gpuL_sum_radii_n130,sum_radii,130,gpu-large,,449,6.021209775,-1.214e-03,193,
gpuL_sum_radii_n138,sum_radii,138,gpu-large,,451,6.190220225,-1.098e-02,119,
gpuL_sum_radii_n139,sum_radii,139,gpu-large,,425,6.221832249,-2.216e-03,184,
gpuL_sum_radii_n140,sum_radii,140,gpu-large,,451,6.245380118,-2.906e-03,194,
gpuL_sum_radii_n150,sum_radii,150,gpu-large,,472,6.465603266,-1.259e-02,322,
gpuL_sum_radii_n159,sum_radii,159,gpu-large,,478,6.649932306,-1.396e-02,120,
gpuL_sum_radii_n160,sum_radii,160,gpu-large,,455,6.672850512,-1.353e-02,66,
gpuL_sum_radii_n170,sum_radii,170,gpu-large,,465,6.880631155,-2.098e-02,398,
gpuL_sum_radii_n180,sum_radii,180,gpu-large,,468,7.097146277,-2.795e-03,135,
gpuL_sum_radii_n188,sum_radii,188,gpu-large,,521,7.241081458,-1.573e-02,521,
gpuL_sum_radii_n200,sum_radii,200,gpu-large,,566,7.474236380,-1.958e-02,204,
gpuL_sum_radii_n250,sum_radii,250,gpu-large,,569,8.374722389,-1.505e-02,143,
gpuL_sum_radii_n297,sum_radii,297,gpu-large,,603,9.127120372,-2.002e-02,378,
gpuL_sum_radii_n300,sum_radii,300,gpu-large,,613,9.186289272,-6.428e-03,612,
gpuL_sum_radii_n301,sum_radii,301,gpu-large,,608,9.201740777,-4.966e-03,533,
hard_sum_radii_n37_basin_hopping_s41,sum_radii,37,basin_hopping,12,1506,3.161498916,-1.542e-12,570,16610
hard_sum_radii_n37_evo_s42,sum_radii,37,evo,12,1201,3.161498916,+3.447e-12,220,14995
hard_sum_radii_n39_basin_hopping_s41,sum_radii,39,basin_hopping,12,1204,3.246155272,-1.956e-03,241,11165
hard_sum_radii_n39_evo_s42,sum_radii,39,evo,12,923,3.248110798,+5.144e-11,591,9297
hardB2_min_distance_n44_evo_s81,min_distance,44,evo,12,484,0.178639246,+2.004e-13,82,14954
hardB2_min_distance_n49_evo_s81,min_distance,49,evo,12,723,0.167309055,-7.702e-05,466,14961
hardB2_min_distance_n57_evo_s81,min_distance,57,evo,12,738,0.154747407,-6.189e-13,353,7435
hardB2_min_distance_n58_evo_s81,min_distance,58,evo,12,720,0.152692531,+2.226e-13,446,7925
hardB2_min_distance_n59_evo_s81,min_distance,59,evo,12,726,0.151034653,-5.283e-04,598,6707
hardB3_min_distance_n49_evo_s91,min_distance,49,evo,11,1085,0.167386077,+3.235e-13,385,19753
hardB3_min_distance_n59_evo_s91,min_distance,59,evo,11,1101,0.151562951,-3.868e-13,390,9666
hardB_min_distance_n37_basin_hopping_s71,min_distance,37,basin_hopping,10,453,0.196429185,-4.354e-13,34,24187
hardB_min_distance_n43_basin_hopping_s71,min_distance,43,basin_hopping,10,361,0.180191135,+4.256e-13,7,14861
hardB_min_distance_n44_basin_hopping_s71,min_distance,44,basin_hopping,10,453,0.177902356,-7.369e-04,157,16624
hardB_min_distance_n45_basin_hopping_s71,min_distance,45,basin_hopping,10,366,0.175716314,-4.116e-13,24,12589
hardB_min_distance_n47_basin_hopping_s71,min_distance,47,basin_hopping,10,543,0.171270564,-1.327e-14,201,15867
hardB_min_distance_n48_basin_hopping_s71,min_distance,48,basin_hopping,10,459,0.169405429,+2.870e-13,108,12335
hardB_min_distance_n49_basin_hopping_s71,min_distance,49,basin_hopping,10,540,0.167301783,-8.429e-05,222,13348
hardB_min_distance_n51_basin_hopping_s71,min_distance,51,basin_hopping,10,460,0.165618374,-4.055e-13,105,8805
hardB_min_distance_n54_basin_hopping_s71,min_distance,54,basin_hopping,10,372,0.159139516,+1.883e-13,69,6543
hardB_min_distance_n55_basin_hopping_s71,min_distance,55,basin_hopping,10,460,0.157555748,-2.789e-13,110,7552
hardB_min_distance_n57_basin_hopping_s71,min_distance,57,basin_hopping,10,454,0.154360925,-3.865e-04,165,6042
hardB_min_distance_n58_basin_hopping_s71,min_distance,58,basin_hopping,10,461,0.152451122,-2.414e-04,194,6542
hardB_min_distance_n59_basin_hopping_s71,min_distance,59,basin_hopping,10,463,0.150854421,-7.085e-04,189,5785
hardB_min_distance_n60_basin_hopping_s71,min_distance,60,basin_hopping,10,363,0.149505654,-5.755e-13,75,4280
mainA_sum_radii_n100_evo_s501,sum_radii,100,evo,6,1203,5.260274529,-3.470e-03,148,21096
mainA_sum_radii_n110_evo_s503,sum_radii,110,evo,8,1501,5.531860237,-5.930e-05,456,59480
mainA_sum_radii_n116_evo_s502,sum_radii,116,evo,8,1503,5.674350310,-2.223e-03,1079,27757
mainA_sum_radii_n120_evo_s502,sum_radii,120,evo,8,302,5.777303097,+3.034e-04,302,4965
mainA_sum_radii_n130_evo_s503,sum_radii,130,evo,8,1503,6.022051095,-3.730e-04,1215,25999
mainA_sum_radii_n138_evo_s502,sum_radii,138,evo,8,1503,6.200571370,-6.248e-04,625,20959
mainA_sum_radii_n139_evo_s502,sum_radii,139,evo,8,1505,6.222197559,-1.851e-03,1321,28946
mainA_sum_radii_n140_evo_s503,sum_radii,140,evo,8,1505,6.247177081,-1.109e-03,821,24487
mainA_sum_radii_n150_evo_s502,sum_radii,150,evo,8,1201,6.476386129,-1.803e-03,1081,12872
mainA_sum_radii_n159_evo_s502,sum_radii,159,evo,8,1506,6.661302273,-2.589e-03,1255,22243
mainA_sum_radii_n160_evo_s503,sum_radii,160,evo,8,1503,6.685419110,-9.584e-04,1313,26006
mainA_sum_radii_n170_evo_s503,sum_radii,170,evo,8,1206,6.900527317,-1.088e-03,137,11904
mainA_sum_radii_n180_evo_s503,sum_radii,180,evo,8,1510,7.099028312,-9.134e-04,1229,15774
mainA_sum_radii_n188_evo_s502,sum_radii,188,evo,8,302,7.255065345,-1.741e-03,229,2722
mainA_sum_radii_n200_evo_s502,sum_radii,200,evo,8,914,7.489453883,-4.361e-03,835,5117
mainA_sum_radii_n250_evo_s503,sum_radii,250,evo,8,911,8.389973533,+1.985e-04,662,3683
mainA_sum_radii_n275_evo_s505,sum_radii,275,evo,10,1501,8.793750915,-5.349e-03,1467,3711
mainA_sum_radii_n297_evo_s505,sum_radii,297,evo,10,1513,9.142259326,-4.880e-03,1460,2572
mainA_sum_radii_n300_evo_s505,sum_radii,300,evo,10,1519,9.191033307,-1.684e-03,1381,2879
mainA_sum_radii_n301_evo_s505,sum_radii,301,evo,10,1506,9.205800668,-9.063e-04,1432,3475
pilot_gpu_bh_sum_radii_n26,sum_radii,26,gpu-bh,,302,2.635983085,-1.385e-12,72,
pilot_gpu_bh_sum_radii_n32,sum_radii,32,gpu-bh,,302,2.939572771,+1.358e-12,104,
pilot_gpu_large_sum_radii_n100,sum_radii,100,gpu-large,,335,5.256014790,-7.730e-03,86,
pilot_gpu_multistart_sum_radii_n26,sum_radii,26,gpu-multistart,,310,2.635983085,+1.074e-12,28,
pilot_gpu_multistart_sum_radii_n32,sum_radii,32,gpu-multistart,,308,2.939572771,+1.998e-12,40,
pilot_sum_radii_n26_basin_hopping,sum_radii,26,basin_hopping,12,361,2.635983085,-6.870e-13,11,14204
pilot_sum_radii_n26_cmaes,sum_radii,26,cmaes,12,363,2.633035229,-2.948e-03,25,1224
pilot_sum_radii_n26_de,sum_radii,26,de,12,383,2.631129248,-4.854e-03,331,1080
pilot_sum_radii_n26_evo,sum_radii,26,evo,12,368,2.635983085,+5.480e-12,42,14392
pilot_sum_radii_n26_multistart,sum_radii,26,multistart,12,367,2.635977395,-5.690e-06,12,3480
pilot_sum_radii_n32_basin_hopping,sum_radii,32,basin_hopping,12,314,2.939572771,+1.332e-12,149,5733
pilot_sum_radii_n32_evo,sum_radii,32,evo,12,310,2.939572771,+2.726e-12,118,5700
pilot_sum_radii_n32_multistart,sum_radii,32,multistart,12,318,2.939572771,+1.329e-12,195,1560
pilotL_sum_radii_n100_basin_hopping,sum_radii,100,basin_hopping,11,601,5.254888638,-8.856e-03,198,24810
pilotL_sum_radii_n100_evo,sum_radii,100,evo,11,600,5.259979380,-3.765e-03,191,24684
pilotL_sum_radii_n100_multistart,sum_radii,100,multistart,11,601,5.217176132,-4.657e-02,398,11990
pushA_sum_radii_n110_evo_s504,sum_radii,110,evo,10,1201,5.531919536,+4.469e-12,161,33224
pushA_sum_radii_n116_evo_s504,sum_radii,116,evo,10,1202,5.674350310,-2.223e-03,16,26084
pushA_sum_radii_n120_evo_s504,sum_radii,120,evo,10,1204,5.777303097,+3.034e-04,17,24094
pushA_sum_radii_n130_evo_s504,sum_radii,130,evo,10,1200,6.022051095,-3.730e-04,23,20710
pushA_sum_radii_n138_evo_s504,sum_radii,138,evo,10,1204,6.200571370,-6.248e-04,23,18880
smoke_min_distance_n10_bh,min_distance,10,basin_hopping,12,2,0.421279544,-9.681e-14,1,372
sweep_gpu_multistart_sum_radii_n27,sum_radii,27,gpu-multistart,,256,2.685978684,+4.067e-11,31,
sweep_gpu_multistart_sum_radii_n28,sum_radii,28,gpu-multistart,,267,2.737739986,-3.279e-12,30,
sweep_gpu_multistart_sum_radii_n29,sum_radii,29,gpu-multistart,,256,2.790344155,-4.915e-12,33,
sweep_gpu_multistart_sum_radii_n30,sum_radii,30,gpu-multistart,,270,2.842668747,+2.110e-12,35,
sweep_gpu_multistart_sum_radii_n31,sum_radii,31,gpu-multistart,,255,2.889969852,-3.628e-13,38,
sweep_gpu_multistart_sum_radii_n33,sum_radii,33,gpu-multistart,,251,2.987285009,-4.992e-13,42,
sweep_gpu_multistart_sum_radii_n34,sum_radii,34,gpu-multistart,,259,3.029799271,+1.853e-12,216,
sweep_gpu_multistart_sum_radii_n35,sum_radii,35,gpu-multistart,,279,3.074036364,-2.227e-12,93,
sweep_gpu_multistart_sum_radii_n36,sum_radii,36,gpu-multistart,,246,3.121754486,-1.328e-12,149,
sweep_gpu_multistart_sum_radii_n37,sum_radii,37,gpu-multistart,,259,3.160831751,-6.672e-04,207,
sweep_gpu_multistart_sum_radii_n38,sum_radii,38,gpu-multistart,,272,3.205945628,-1.903e-12,163,
sweep_gpu_multistart_sum_radii_n39,sum_radii,39,gpu-multistart,,286,3.247415321,-6.955e-04,229,
sweep_gpu_multistart_sum_radii_n40,sum_radii,40,gpu-multistart,,299,3.292391573,+9.339e-13,62,
sweepB_min_distance_n31_multistart_s61,min_distance,31,multistart,12,121,0.217547292,+1.242e-13,4,5640
sweepB_min_distance_n32_multistart_s61,min_distance,32,multistart,12,121,0.213174563,-1.239e-13,4,5400
sweepB_min_distance_n33_multistart_s61,min_distance,33,multistart,12,122,0.211328384,+2.628e-13,4,4800
sweepB_min_distance_n34_multistart_s61,min_distance,34,multistart,12,121,0.205604647,-4.322e-13,3,4440
sweepB_min_distance_n35_multistart_s61,min_distance,35,multistart,12,121,0.202763601,+2.265e-13,8,3960
sweepB_min_distance_n36_multistart_s61,min_distance,36,multistart,12,122,0.200000000,-3.053e-16,5,3600
sweepB_min_distance_n37_multistart_s61,min_distance,37,multistart,12,152,0.196429184,-3.833e-10,44,4200
sweepB_min_distance_n38_multistart_s61,min_distance,38,multistart,12,122,0.195342304,-9.437e-14,15,3000
sweepB_min_distance_n39_multistart_s61,min_distance,39,multistart,12,122,0.194365063,-4.904e-13,6,2880
sweepB_min_distance_n40_multistart_s61,min_distance,40,multistart,12,150,0.188175522,+3.138e-13,46,3240
sweepB_min_distance_n41_multistart_s61,min_distance,41,multistart,12,182,0.186099512,+1.216e-13,94,3600
sweepB_min_distance_n42_multistart_s61,min_distance,42,multistart,12,123,0.184277072,+9.859e-14,9,2280
sweepB_min_distance_n43_multistart_s61,min_distance,43,multistart,12,125,0.180067024,-1.241e-04,22,2040
sweepB_min_distance_n44_multistart_s61,min_distance,44,multistart,12,123,0.177909573,-7.297e-04,17,1920
sweepB_min_distance_n45_multistart_s61,min_distance,45,multistart,12,245,0.175704684,-1.163e-05,233,3600
sweepB_min_distance_n46_multistart_s61,min_distance,46,multistart,12,157,0.174459361,+4.126e-13,51,2160
sweepB_min_distance_n47_multistart_s61,min_distance,47,multistart,12,217,0.171107017,-1.635e-04,110,2640
sweepB_min_distance_n48_multistart_s61,min_distance,48,multistart,12,129,0.169331703,-7.373e-05,10,1560
sweepB_min_distance_n49_multistart_s61,min_distance,49,multistart,12,245,0.167261186,-1.249e-04,154,2640
sweepB_min_distance_n50_multistart_s61,min_distance,50,multistart,12,129,0.166454626,-7.195e-05,13,1200
sweepB_min_distance_n51_multistart_s61,min_distance,51,multistart,12,161,0.165618248,-1.267e-07,57,1440
sweepB_min_distance_n52_multistart_s61,min_distance,52,multistart,12,219,0.165386238,-3.599e-13,117,1920
sweepB_min_distance_n53_multistart_s61,min_distance,53,multistart,12,124,0.162648077,-2.310e-13,41,1080
sweepB_min_distance_n54_multistart_s61,min_distance,54,multistart,12,222,0.159112512,-2.700e-05,124,1680
sweepB_min_distance_n55_multistart_s61,min_distance,55,multistart,12,125,0.157451459,-1.043e-04,19,840
sweepB_min_distance_n56_multistart_s61,min_distance,56,multistart,12,136,0.156156500,+1.467e-13,19,840
sweepB_min_distance_n57_multistart_s61,min_distance,57,multistart,12,132,0.153864801,-8.826e-04,39,840
sweepB_min_distance_n58_multistart_s61,min_distance,58,multistart,12,260,0.152488030,-2.045e-04,260,1440
sweepB_min_distance_n59_multistart_s61,min_distance,59,multistart,12,256,0.150826470,-7.365e-04,227,1200
sweepB_min_distance_n60_multistart_s61,min_distance,60,multistart,12,122,0.148974528,-5.311e-04,52,600
symL_sum_radii_n100,sum_radii,100,gpu-sym,,1162,5.232655521,-3.109e-02,749,
valsym_sum_radii_n27,sum_radii,27,gpu-sym,,119,2.685978684,+2.735e-11,119,
valsym_sum_radii_n36,sum_radii,36,gpu-sym,,145,3.105821691,-1.593e-02,145,
