problem,n,best_score,record,gap,status,method,seed,runtime_s,certified_score,updated
autocorr1,50,1.517069339060,1.502870000000,+1.420e-02,above-record,gpu homotopy/melt,,,1.517069339060,2026-09-29 19:07:05
autocorr1,95,1.511771199368,1.502870000000,+8.901e-03,above-record,gpu-pnorm+slp,2,,1.511771199368,2026-09-29 04:24:27
autocorr1,150,1.510256733361,1.502870000000,+7.387e-03,above-record,gpu homotopy/melt,,,1.510256733361,2026-09-29 19:07:05
autocorr1,200,1.509353546706,1.502870000000,+6.484e-03,above-record(beats-best-human),gpu-pnorm+slp,11,,1.509353546706,2026-09-29 04:24:28
autocorr1,300,1.508212621894,1.502870000000,+5.343e-03,above-record(beats-best-human),gpu homotopy/melt,,,1.508212621894,2026-09-29 19:07:05
autocorr1,600,1.506525181444,1.502870000000,+3.655e-03,above-record(beats-best-human),gpu homotopy/melt,,,1.506525181444,2026-09-29 19:07:07
autocorr1,1200,1.505817556509,1.502870000000,+2.948e-03,above-record(beats-best-human),gpu homotopy/melt,,,1.505817556509,2026-09-29 19:07:05
autocorr1,1319,1.507497395554,1.502870000000,+4.627e-03,above-record(beats-best-human),gpu-pnorm+slp,11,,1.507497395554,2026-09-29 04:24:33
autocorr1,2400,1.505932518993,1.502870000000,+3.063e-03,above-record(beats-best-human),gpu homotopy/melt,,,1.505932518993,2026-09-29 19:07:05
autocorr1,4800,1.505337677900,1.502870000000,+2.468e-03,above-record(beats-best-human),gpu homotopy/melt,,,1.505337677900,2026-09-29 19:07:07
autocorr1,9600,1.505296229945,1.502870000000,+2.426e-03,above-record(matches AlphaEvolve 1.50530),gpu homotopy/melt,,,1.505296229945,2026-09-29 19:07:08
autocorr1,19200,1.505274643666,1.502870000000,+2.405e-03,"above-record(better than AlphaEvolve-v1 1.50530, not than V2)",gpu homotopy/melt,,,1.505274643666,2026-09-29 19:07:05
autocorr1,38400,1.505274643678,1.502870000000,+2.405e-03,"above-record(better than AlphaEvolve-v1 1.50530, not than V2)",gpu homotopy/melt,,,1.505274643678,2026-09-29 19:07:07
min_distance,10,0.421279543984,0.421279543984,+0.000e+00,match,basin_hopping,1,1,0.421279543984,2026-09-28 18:48:59
min_distance,15,0.341081377402,0.341081377402,+0.000e+00,match,multistart,100,25,0.341081377402,2026-09-28 18:51:14
min_distance,20,0.286611652352,0.286611652352,+0.000e+00,match,multistart,100,2,0.286611652352,2026-09-28 18:51:16
min_distance,25,0.250000000000,0.250000000000,+0.000e+00,match,multistart,100,2,0.250000000000,2026-09-28 18:51:42
min_distance,30,0.224502964531,0.224502964531,+0.000e+00,match,multistart,100,26,0.224502964531,2026-09-28 18:52:32
min_distance,31,0.217547291619,0.217547291619,+0.000e+00,match,multistart,61,121,0.217547291619,2026-09-28 22:44:43
min_distance,32,0.213174562590,0.213174562590,+0.000e+00,match,multistart,61,4,0.213174562590,2026-09-28 22:44:47
min_distance,33,0.211328384143,0.211328384143,+0.000e+00,match,multistart,61,122,0.211328384143,2026-09-28 22:48:47
min_distance,34,0.205604646760,0.205604646760,+0.000e+00,match,multistart,61,3,0.205604646760,2026-09-28 22:48:50
min_distance,35,0.202763600863,0.202763600863,+0.000e+00,match,multistart,61,121,0.202763600863,2026-09-28 22:52:51
min_distance,36,0.200000000000,0.200000000000,+0.000e+00,match,multistart,61,5,0.200000000000,2026-09-28 22:52:55
min_distance,37,0.196429184630,0.196429184630,+0.000e+00,match,basin_hopping,71,164,0.196429184630,2026-09-29 00:05:06
min_distance,38,0.195342304127,0.195342304127,+0.000e+00,match,multistart,61,15,0.195342304127,2026-09-28 22:57:41
min_distance,39,0.194365063162,0.194365063162,+0.000e+00,match,multistart,61,6,0.194365063162,2026-09-28 22:59:34
min_distance,40,0.188175522018,0.188175522018,+0.000e+00,match,multistart,61,150,0.188175522018,2026-09-28 23:04:02
min_distance,41,0.186099511848,0.186099511848,+0.000e+00,match,multistart,61,182,0.186099511848,2026-09-28 23:07:05
min_distance,42,0.184277072117,0.184277072117,+0.000e+00,match,multistart,61,123,0.184277072117,2026-09-28 23:09:09
min_distance,43,0.180191135457,0.180191135457,+0.000e+00,match,basin_hopping,71,361,0.180191135457,2026-09-29 00:35:56
min_distance,44,0.178639245671,0.178639245671,+0.000e+00,match,evo,81,484,0.178639245671,2026-09-29 01:54:38
min_distance,45,0.175716314176,0.175716314176,+0.000e+00,match,basin_hopping,71,24,0.175716314176,2026-09-29 00:17:59
min_distance,46,0.174459360872,0.174459360872,+0.000e+00,match,multistart,61,157,0.174459360872,2026-09-28 23:20:03
min_distance,47,0.171270563823,0.171270563823,+0.000e+00,match,basin_hopping,71,201,0.171270563823,2026-09-29 00:39:17
min_distance,48,0.169405429370,0.169405429370,+0.000e+00,match,basin_hopping,71,459,0.169405429370,2026-09-29 01:01:40
min_distance,49,0.167386076868,0.167386076868,+0.000e+00,match,evo,91,1085,0.167386076868,2026-09-29 03:01:50
min_distance,50,0.166526577344,0.166526577344,+0.000e+00,match,multistart,51,67,0.166526577344,2026-09-28 22:39:09
min_distance,51,0.165618374313,0.165618374313,+0.000e+00,match,basin_hopping,71,105,0.165618374313,2026-09-29 00:11:40
min_distance,52,0.165386237970,0.165386237970,+0.000e+00,match,multistart,61,117,0.165386237970,2026-09-28 23:36:46
min_distance,53,0.162648077425,0.162648077425,+0.000e+00,match,multistart,61,41,0.162648077425,2026-09-28 23:39:10
min_distance,54,0.159139516307,0.159139516307,+0.000e+00,match,basin_hopping,71,372,0.159139516307,2026-09-29 00:29:54
min_distance,55,0.157555747530,0.157555747530,+0.000e+00,match,basin_hopping,71,110,0.157555747530,2026-09-29 01:03:30
min_distance,56,0.156156500462,0.156156500462,+0.000e+00,match,multistart,61,136,0.156156500462,2026-09-28 23:48:40
min_distance,57,0.154747406943,0.154747406944,-1.000e-12,match,evo,81,738,0.154747406944,2026-09-29 02:19:01
min_distance,58,0.152692531391,0.152692531391,+0.000e+00,match,evo,81,720,0.152692531391,2026-09-29 02:31:02
min_distance,59,0.151562950614,0.151562950614,+0.000e+00,match,evo,91,390,0.151562950614,2026-09-29 03:08:20
min_distance,60,0.149505654048,0.149505654049,-1.000e-12,match,basin_hopping,71,363,0.149505654049,2026-09-29 01:38:23
sum_radii,26,2.635983084924,2.635983084919,+5.000e-12,match,evo,7,368,2.635983084892,2026-09-28 19:09:09
sum_radii,27,2.685978684239,2.685978684198,+4.100e-11,match,gpu-multistart,31,59,2.685978684198,2026-09-28 20:06:13
sum_radii,28,2.737739985533,2.737739985536,-3.000e-12,match,gpu-multistart,31,30,2.737739985505,2026-09-28 20:10:00
sum_radii,29,2.790344154626,2.790344154631,-5.000e-12,match,gpu-multistart,31,256,2.790344154597,2026-09-28 20:18:13
sum_radii,30,2.842668747464,2.842668747462,+2.000e-12,match,gpu-multistart,31,270,2.842668747434,2026-09-28 20:22:44
sum_radii,31,2.889969851933,2.889969851933,+0.000e+00,match,gpu-multistart,31,75,2.889969851901,2026-09-28 20:23:59
sum_radii,32,2.939572771208,2.939572771205,+3.000e-12,match,evo,7,157,2.939572771174,2026-09-28 19:46:19
sum_radii,33,2.987285008592,2.987285008592,+0.000e+00,match,gpu-multistart,31,42,2.987285008558,2026-09-28 20:27:41
sum_radii,34,3.029799271188,3.029799271186,+2.000e-12,match,gpu-multistart,31,216,3.029799271154,2026-09-28 20:34:46
sum_radii,35,3.074036363728,3.074036363730,-2.000e-12,match,gpu-multistart,31,93,3.074036363693,2026-09-28 20:37:02
sum_radii,36,3.121754486101,3.121754486102,-1.000e-12,match,gpu-multistart,31,149,3.121754486065,2026-09-28 20:42:37
sum_radii,37,3.161498916182,3.161498916179,+3.000e-12,match,evo,42,1201,3.161498916140,2026-09-28 22:09:17
sum_radii,38,3.205945627972,3.205945627974,-2.000e-12,match,gpu-multistart,31,272,3.205945627934,2026-09-28 20:53:04
sum_radii,39,3.248110798226,3.248110798175,+5.100e-11,match,evo,42,923,3.248110798134,2026-09-28 22:24:41
sum_radii,40,3.292391572609,3.292391572608,+1.000e-12,match,gpu-multistart,31,62,3.292391572569,2026-09-28 20:58:53
sum_radii,100,5.260274528761,5.263744441843,-3.470e-03,below,evo,501,1203,5.260274528661,2026-09-29 10:32:55
sum_radii,110,5.531919536405,5.531919536401,+3.999e-12,match,evo,504,1201,5.531919536296,2026-09-29 16:19:47
sum_radii,116,5.674350310252,5.676573137511,-2.223e-03,below,evo,504,1202,5.674350310136,2026-09-29 17:19:55
sum_radii,120,5.777303097445,5.776999746200,+3.034e-04,IMPROVEMENT-CANDIDATE(uncertified),evo,504,1204,5.777303097325,2026-09-29 15:59:45
sum_radii,130,6.022051095315,6.022424077079,-3.730e-04,below,evo,504,1200,6.022051095184,2026-09-29 16:39:48
sum_radii,138,6.200571369870,6.201196207424,-6.248e-04,below,evo,504,1204,6.200571369732,2026-09-29 16:59:53
sum_radii,139,6.222197558818,6.224048511183,-1.851e-03,below,evo,502,1505,6.222197558678,2026-09-29 12:28:36
sum_radii,140,6.247177080674,6.248286289975,-1.109e-03,below,evo,503,1505,6.247177080533,2026-09-29 14:14:01
sum_radii,150,6.476386129402,6.478189273051,-1.803e-03,below,evo,502,1201,6.476386129252,2026-09-29 10:58:09
sum_radii,159,6.661302273432,6.663891763480,-2.589e-03,below,evo,502,1506,6.661302273274,2026-09-29 12:53:43
sum_radii,160,6.685419110014,6.686377484769,-9.584e-04,below,evo,503,1313,6.685419109854,2026-09-29 14:35:55
sum_radii,170,6.900527317039,6.901615116068,-1.088e-03,below,evo,503,1206,6.900527316869,2026-09-29 14:59:12
sum_radii,180,7.099028311558,7.099941756488,-9.134e-04,below,evo,503,1510,7.099028311378,2026-09-29 15:24:22
sum_radii,188,7.255065345063,7.256806779802,-1.741e-03,below,evo,502,229,7.255065344875,2026-09-29 12:57:33
sum_radii,200,7.489453882662,7.493815304616,-4.361e-03,below,evo,502,914,7.489453882462,2026-09-29 11:13:23
sum_radii,250,8.389973532838,8.389775077490,+1.985e-04,IMPROVEMENT-CANDIDATE(uncertified),evo,503,662,8.389973532588,2026-09-29 15:35:24
sum_radii,275,8.793750914927,8.799100032873,-5.349e-03,below,evo,505,1467,8.793750914651,2026-09-29 19:00:24
sum_radii,297,9.142259326075,9.147139780469,-4.880e-03,below,evo,505,1460,9.142259325777,2026-09-29 18:09:56
sum_radii,300,9.191033307299,9.192717162187,-1.684e-03,below,evo,505,1519,9.191033306999,2026-09-29 17:45:36
sum_radii,301,9.205800667824,9.206706957124,-9.063e-04,below,evo,505,1506,9.205800667523,2026-09-29 18:35:56
um_radii,301,9.201740777387,0.064293820211,+9.137e+00,IMPROVEMENT-CANDIDATE(uncertified),gpu-large,1101,608,,2026-09-29 16:17:19
