checked_at,certificate,n,our_raw,our_certified,listed_record,gap_raw,verdict
2026-09-29 15:00 (local copy),A_n120.json,120,5.777303097445,5.777303097325,5.776999746200,+3.034e-04,AHEAD
2026-09-29 15:00 (local copy),A_n150.json,150,6.476386129402,6.476386129252,6.478189273051,-1.803e-03,behind
2026-09-29 15:00 (local copy),A_n188.json,188,7.255065345063,7.255065344875,7.256806779802,-1.741e-03,behind
2026-09-29 15:00 (local copy),A_n200.json,200,7.489453882662,7.489453882462,7.493815304616,-4.361e-03,behind
2026-09-29 15:00 (local copy),sum_radii_n26.json,26,2.635983084918,2.635983084892,2.635983084919,-1.392e-12,tie
2026-09-29 15:00 (local copy),sum_radii_n27.json,27,2.685978684225,2.685978684198,2.685978684198,+2.735e-11,AHEAD
2026-09-29 15:00 (local copy),sum_radii_n28.json,28,2.737739985533,2.737739985505,2.737739985536,-3.328e-12,tie
2026-09-29 15:00 (local copy),sum_radii_n29.json,29,2.790344154626,2.790344154597,2.790344154631,-5.346e-12,tie
2026-09-29 15:00 (local copy),sum_radii_n30.json,30,2.842668747464,2.842668747434,2.842668747462,+2.101e-12,tie
2026-09-29 15:00 (local copy),sum_radii_n31.json,31,2.889969851932,2.889969851901,2.889969851933,-8.029e-13,tie
2026-09-29 15:00 (local copy),sum_radii_n32.json,32,2.939572771206,2.939572771174,2.939572771205,+1.324e-12,tie
2026-09-29 15:00 (local copy),sum_radii_n33.json,33,2.987285008591,2.987285008558,2.987285008592,-7.256e-13,tie
2026-09-29 15:00 (local copy),sum_radii_n34.json,34,3.029799271188,3.029799271154,3.029799271186,+1.866e-12,tie
2026-09-29 15:00 (local copy),sum_radii_n35.json,35,3.074036363728,3.074036363693,3.074036363730,-2.218e-12,tie
2026-09-29 15:00 (local copy),sum_radii_n36.json,36,3.121754486101,3.121754486065,3.121754486102,-1.322e-12,tie
2026-09-29 15:00 (local copy),sum_radii_n37.json,37,3.161498916177,3.161498916140,3.161498916179,-1.537e-12,tie
2026-09-29 15:00 (local copy),sum_radii_n38.json,38,3.205945627972,3.205945627934,3.205945627974,-1.902e-12,tie
2026-09-29 15:00 (local copy),sum_radii_n39.json,39,3.248110798173,3.248110798134,3.248110798175,-1.604e-12,tie
2026-09-29 15:00 (local copy),sum_radii_n40.json,40,3.292391572609,3.292391572569,3.292391572608,+9.499e-13,tie
2026-09-29 15:46,A_n120.json,120,5.777303097445,5.777303097325,5.776999746200,+3.034e-04,AHEAD
2026-09-29 15:46,A_n150.json,150,6.476386129402,6.476386129252,6.478189273051,-1.803e-03,behind
2026-09-29 15:46,A_n188.json,188,7.255065345063,7.255065344875,7.256806779802,-1.741e-03,behind
2026-09-29 15:46,A_n200.json,200,7.489453882662,7.489453882462,7.493815304616,-4.361e-03,behind
2026-09-29 15:46,A_n250.json,250,8.389973532838,8.389973532588,8.389775077490,+1.985e-04,AHEAD
2026-09-29 15:46,sum_radii_n26.json,26,2.635983084918,2.635983084892,2.635983084919,-1.392e-12,tie
2026-09-29 15:46,sum_radii_n27.json,27,2.685978684225,2.685978684198,2.685978684198,+2.735e-11,AHEAD
2026-09-29 15:46,sum_radii_n28.json,28,2.737739985533,2.737739985505,2.737739985536,-3.328e-12,tie
2026-09-29 15:46,sum_radii_n29.json,29,2.790344154626,2.790344154597,2.790344154631,-5.346e-12,tie
2026-09-29 15:46,sum_radii_n30.json,30,2.842668747464,2.842668747434,2.842668747462,+2.101e-12,tie
2026-09-29 15:46,sum_radii_n31.json,31,2.889969851932,2.889969851901,2.889969851933,-8.029e-13,tie
2026-09-29 15:46,sum_radii_n32.json,32,2.939572771206,2.939572771174,2.939572771205,+1.324e-12,tie
2026-09-29 15:46,sum_radii_n33.json,33,2.987285008591,2.987285008558,2.987285008592,-7.256e-13,tie
2026-09-29 15:46,sum_radii_n34.json,34,3.029799271188,3.029799271154,3.029799271186,+1.866e-12,tie
2026-09-29 15:46,sum_radii_n35.json,35,3.074036363728,3.074036363693,3.074036363730,-2.218e-12,tie
2026-09-29 15:46,sum_radii_n36.json,36,3.121754486101,3.121754486065,3.121754486102,-1.322e-12,tie
2026-09-29 15:46,sum_radii_n37.json,37,3.161498916177,3.161498916140,3.161498916179,-1.537e-12,tie
2026-09-29 15:46,sum_radii_n38.json,38,3.205945627972,3.205945627934,3.205945627974,-1.902e-12,tie
2026-09-29 15:46,sum_radii_n39.json,39,3.248110798173,3.248110798134,3.248110798175,-1.604e-12,tie
2026-09-29 15:46,sum_radii_n40.json,40,3.292391572609,3.292391572569,3.292391572608,+9.499e-13,tie
2026-09-29 15:46 (local copy),A_n100.json,100,5.260274528761,5.260274528661,5.263744441843,-3.470e-03,behind
2026-09-29 15:46 (local copy),A_n110.json,110,5.531919536406,5.531919536296,5.531919536401,+4.513e-12,tie
2026-09-29 15:46 (local copy),A_n116.json,116,5.674350310252,5.674350310136,5.676573137511,-2.223e-03,behind
2026-09-29 15:46 (local copy),A_n120.json,120,5.777303097445,5.777303097325,5.776999746200,+3.034e-04,AHEAD
2026-09-29 15:46 (local copy),A_n130.json,130,6.022051095314,6.022051095184,6.022424077079,-3.730e-04,behind
2026-09-29 15:46 (local copy),A_n138.json,138,6.200571369870,6.200571369732,6.201196207424,-6.248e-04,behind
2026-09-29 15:46 (local copy),A_n139.json,139,6.222197558817,6.222197558678,6.224048511183,-1.851e-03,behind
2026-09-29 15:46 (local copy),A_n140.json,140,6.247177080673,6.247177080533,6.248286289975,-1.109e-03,behind
2026-09-29 15:46 (local copy),A_n150.json,150,6.476386129402,6.476386129252,6.478189273051,-1.803e-03,behind
2026-09-29 15:46 (local copy),A_n159.json,159,6.661302273433,6.661302273274,6.663891763480,-2.589e-03,behind
2026-09-29 15:46 (local copy),A_n160.json,160,6.685419110014,6.685419109854,6.686377484769,-9.584e-04,behind
2026-09-29 15:46 (local copy),A_n170.json,170,6.900527317039,6.900527316869,6.901615116068,-1.088e-03,behind
2026-09-29 15:46 (local copy),A_n180.json,180,7.099028311558,7.099028311378,7.099941756488,-9.134e-04,behind
2026-09-29 15:46 (local copy),A_n188.json,188,7.255065345063,7.255065344875,7.256806779802,-1.741e-03,behind
2026-09-29 15:46 (local copy),A_n200.json,200,7.489453882662,7.489453882462,7.493815304616,-4.361e-03,behind
2026-09-29 15:46 (local copy),A_n250.json,250,8.389973532838,8.389973532588,8.389775077490,+1.985e-04,AHEAD
2026-09-29 15:46 (local copy),sum_radii_n26.json,26,2.635983084918,2.635983084892,2.635983084919,-1.392e-12,tie
2026-09-29 15:46 (local copy),sum_radii_n27.json,27,2.685978684225,2.685978684198,2.685978684198,+2.735e-11,AHEAD
2026-09-29 15:46 (local copy),sum_radii_n28.json,28,2.737739985533,2.737739985505,2.737739985536,-3.328e-12,tie
2026-09-29 15:46 (local copy),sum_radii_n29.json,29,2.790344154626,2.790344154597,2.790344154631,-5.346e-12,tie
2026-09-29 15:46 (local copy),sum_radii_n30.json,30,2.842668747464,2.842668747434,2.842668747462,+2.101e-12,tie
2026-09-29 15:46 (local copy),sum_radii_n31.json,31,2.889969851932,2.889969851901,2.889969851933,-8.029e-13,tie
2026-09-29 15:46 (local copy),sum_radii_n32.json,32,2.939572771206,2.939572771174,2.939572771205,+1.324e-12,tie
2026-09-29 15:46 (local copy),sum_radii_n33.json,33,2.987285008591,2.987285008558,2.987285008592,-7.256e-13,tie
2026-09-29 15:46 (local copy),sum_radii_n34.json,34,3.029799271188,3.029799271154,3.029799271186,+1.866e-12,tie
2026-09-29 15:46 (local copy),sum_radii_n35.json,35,3.074036363728,3.074036363693,3.074036363730,-2.218e-12,tie
2026-09-29 15:46 (local copy),sum_radii_n36.json,36,3.121754486101,3.121754486065,3.121754486102,-1.322e-12,tie
2026-09-29 15:46 (local copy),sum_radii_n37.json,37,3.161498916177,3.161498916140,3.161498916179,-1.537e-12,tie
2026-09-29 15:46 (local copy),sum_radii_n38.json,38,3.205945627972,3.205945627934,3.205945627974,-1.902e-12,tie
2026-09-29 15:46 (local copy),sum_radii_n39.json,39,3.248110798173,3.248110798134,3.248110798175,-1.604e-12,tie
2026-09-29 15:46 (local copy),sum_radii_n40.json,40,3.292391572609,3.292391572569,3.292391572608,+9.499e-13,tie
2026-09-29 19:02,A_n100.json,100,5.260274528761,5.260274528661,5.263744441843,-3.470e-03,behind
2026-09-29 19:02,A_n110.json,110,5.531919536406,5.531919536296,5.531919536401,+4.513e-12,tie
2026-09-29 19:02,A_n116.json,116,5.674350310252,5.674350310136,5.676573137511,-2.223e-03,behind
2026-09-29 19:02,A_n120.json,120,5.777303097445,5.777303097325,5.776999746200,+3.034e-04,AHEAD
2026-09-29 19:02,A_n130.json,130,6.022051095314,6.022051095184,6.022424077079,-3.730e-04,behind
2026-09-29 19:02,A_n138.json,138,6.200571369870,6.200571369732,6.201196207424,-6.248e-04,behind
2026-09-29 19:02,A_n139.json,139,6.222197558817,6.222197558678,6.224048511183,-1.851e-03,behind
2026-09-29 19:02,A_n140.json,140,6.247177080673,6.247177080533,6.248286289975,-1.109e-03,behind
2026-09-29 19:02,A_n150.json,150,6.476386129402,6.476386129252,6.478189273051,-1.803e-03,behind
2026-09-29 19:02,A_n159.json,159,6.661302273433,6.661302273274,6.663891763480,-2.589e-03,behind
2026-09-29 19:02,A_n160.json,160,6.685419110014,6.685419109854,6.686377484769,-9.584e-04,behind
2026-09-29 19:02,A_n170.json,170,6.900527317039,6.900527316869,6.901615116068,-1.088e-03,behind
2026-09-29 19:02,A_n180.json,180,7.099028311558,7.099028311378,7.099941756488,-9.134e-04,behind
2026-09-29 19:02,A_n188.json,188,7.255065345063,7.255065344875,7.256806779802,-1.741e-03,behind
2026-09-29 19:02,A_n200.json,200,7.489453882662,7.489453882462,7.493815304616,-4.361e-03,behind
2026-09-29 19:02,A_n250.json,250,8.389973532838,8.389973532588,8.389775077490,+1.985e-04,AHEAD
2026-09-29 19:02,A_n275.json,275,8.793750914926,8.793750914651,8.799100032873,-5.349e-03,behind
2026-09-29 19:02,A_n297.json,297,9.142259326074,9.142259325777,9.147139780469,-4.880e-03,behind
2026-09-29 19:02,A_n300.json,300,9.191033307299,9.191033306999,9.192717162187,-1.684e-03,behind
2026-09-29 19:02,A_n301.json,301,9.205800667824,9.205800667523,9.206706957124,-9.063e-04,behind
2026-09-29 19:02,sum_radii_n26.json,26,2.635983084918,2.635983084892,2.635983084919,-1.392e-12,tie
2026-09-29 19:02,sum_radii_n27.json,27,2.685978684225,2.685978684198,2.685978684198,+2.735e-11,AHEAD
2026-09-29 19:02,sum_radii_n28.json,28,2.737739985533,2.737739985505,2.737739985536,-3.328e-12,tie
2026-09-29 19:02,sum_radii_n29.json,29,2.790344154626,2.790344154597,2.790344154631,-5.346e-12,tie
2026-09-29 19:02,sum_radii_n30.json,30,2.842668747464,2.842668747434,2.842668747462,+2.101e-12,tie
2026-09-29 19:02,sum_radii_n31.json,31,2.889969851932,2.889969851901,2.889969851933,-8.029e-13,tie
2026-09-29 19:02,sum_radii_n32.json,32,2.939572771206,2.939572771174,2.939572771205,+1.324e-12,tie
2026-09-29 19:02,sum_radii_n33.json,33,2.987285008591,2.987285008558,2.987285008592,-7.256e-13,tie
2026-09-29 19:02,sum_radii_n34.json,34,3.029799271188,3.029799271154,3.029799271186,+1.866e-12,tie
2026-09-29 19:02,sum_radii_n35.json,35,3.074036363728,3.074036363693,3.074036363730,-2.218e-12,tie
2026-09-29 19:02,sum_radii_n36.json,36,3.121754486101,3.121754486065,3.121754486102,-1.322e-12,tie
2026-09-29 19:02,sum_radii_n37.json,37,3.161498916177,3.161498916140,3.161498916179,-1.537e-12,tie
2026-09-29 19:02,sum_radii_n38.json,38,3.205945627972,3.205945627934,3.205945627974,-1.902e-12,tie
2026-09-29 19:02,sum_radii_n39.json,39,3.248110798173,3.248110798134,3.248110798175,-1.604e-12,tie
2026-09-29 19:02,sum_radii_n40.json,40,3.292391572609,3.292391572569,3.292391572608,+9.499e-13,tie
2026-09-29 21:32,A_n100.json,100,5.260274528761,5.260274528661,5.263744441843,-3.470e-03,behind
2026-09-29 21:32,A_n110.json,110,5.531919536406,5.531919536296,5.531919536401,+4.513e-12,tie
2026-09-29 21:32,A_n116.json,116,5.674350310252,5.674350310136,5.676573137511,-2.223e-03,behind
2026-09-29 21:32,A_n120.json,120,5.777303097445,5.777303097325,5.776999746200,+3.034e-04,AHEAD
2026-09-29 21:32,A_n130.json,130,6.022051095314,6.022051095184,6.022424077079,-3.730e-04,behind
2026-09-29 21:32,A_n138.json,138,6.200571369870,6.200571369732,6.201196207424,-6.248e-04,behind
2026-09-29 21:32,A_n139.json,139,6.222197558817,6.222197558678,6.224048511183,-1.851e-03,behind
2026-09-29 21:32,A_n140.json,140,6.247177080673,6.247177080533,6.248286289975,-1.109e-03,behind
2026-09-29 21:32,A_n150.json,150,6.476386129402,6.476386129252,6.478189273051,-1.803e-03,behind
2026-09-29 21:32,A_n159.json,159,6.661302273433,6.661302273274,6.663891763480,-2.589e-03,behind
2026-09-29 21:32,A_n160.json,160,6.685419110014,6.685419109854,6.686377484769,-9.584e-04,behind
2026-09-29 21:32,A_n170.json,170,6.900527317039,6.900527316869,6.901615116068,-1.088e-03,behind
2026-09-29 21:32,A_n180.json,180,7.099028311558,7.099028311378,7.099941756488,-9.134e-04,behind
2026-09-29 21:32,A_n188.json,188,7.255065345063,7.255065344875,7.256806779802,-1.741e-03,behind
2026-09-29 21:32,A_n200.json,200,7.489453882662,7.489453882462,7.493815304616,-4.361e-03,behind
2026-09-29 21:32,A_n250.json,250,8.389973532838,8.389973532588,8.389775077490,+1.985e-04,AHEAD
2026-09-29 21:32,A_n275.json,275,8.793750914926,8.793750914651,8.799100032873,-5.349e-03,behind
2026-09-29 21:32,A_n297.json,297,9.142259326074,9.142259325777,9.147139780469,-4.880e-03,behind
2026-09-29 21:32,A_n300.json,300,9.191033307299,9.191033306999,9.192717162187,-1.684e-03,behind
2026-09-29 21:32,A_n301.json,301,9.205800667824,9.205800667523,9.206706957124,-9.063e-04,behind
2026-09-29 21:32,sum_radii_n26.json,26,2.635983084918,2.635983084892,2.635983084919,-1.392e-12,tie
2026-09-29 21:32,sum_radii_n27.json,27,2.685978684225,2.685978684198,2.685978684198,+2.735e-11,AHEAD
2026-09-29 21:32,sum_radii_n28.json,28,2.737739985533,2.737739985505,2.737739985536,-3.328e-12,tie
2026-09-29 21:32,sum_radii_n29.json,29,2.790344154626,2.790344154597,2.790344154631,-5.346e-12,tie
2026-09-29 21:32,sum_radii_n30.json,30,2.842668747464,2.842668747434,2.842668747462,+2.101e-12,tie
2026-09-29 21:32,sum_radii_n31.json,31,2.889969851932,2.889969851901,2.889969851933,-8.029e-13,tie
2026-09-29 21:32,sum_radii_n32.json,32,2.939572771206,2.939572771174,2.939572771205,+1.324e-12,tie
2026-09-29 21:32,sum_radii_n33.json,33,2.987285008591,2.987285008558,2.987285008592,-7.256e-13,tie
2026-09-29 21:32,sum_radii_n34.json,34,3.029799271188,3.029799271154,3.029799271186,+1.866e-12,tie
2026-09-29 21:32,sum_radii_n35.json,35,3.074036363728,3.074036363693,3.074036363730,-2.218e-12,tie
2026-09-29 21:32,sum_radii_n36.json,36,3.121754486101,3.121754486065,3.121754486102,-1.322e-12,tie
2026-09-29 21:32,sum_radii_n37.json,37,3.161498916177,3.161498916140,3.161498916179,-1.537e-12,tie
2026-09-29 21:32,sum_radii_n38.json,38,3.205945627972,3.205945627934,3.205945627974,-1.902e-12,tie
2026-09-29 21:32,sum_radii_n39.json,39,3.248110798173,3.248110798134,3.248110798175,-1.604e-12,tie
2026-09-29 21:32,sum_radii_n40.json,40,3.292391572609,3.292391572569,3.292391572608,+9.499e-13,tie
